RecommendationNumber,Recommendation,WhatSeemsMissingOrWeak,SourceBasis,SuggestedAction,Priority
1,Add a Key Terms section,"The edited file ends with Chapter Summary, References, and Table of Figures, but it does not include the glossary that exists in the source draft.","advanced-sql-edited.md; ch09-flashcards.csv","Add a 15 to 20 term glossary after Chapter Summary or before References. Include anomaly, normalization, natural key, surrogate key, referential integrity, junction table, view, CTE, scalar subquery, correlated subquery, full table scan, transaction, trigger, audit trail, weighted average, and window function.",High
2,Add end-of-chapter review material,"The edited chapter has no Review Questions, Discussion Questions, or Exercises section, while the notebook source includes conceptual questions and SQL practice prompts.","ch09-chatgpt-notebook-chapter.md","Add three short sections near the end: Review Questions, Discussion Questions, and SQL Practice. This is the single biggest pedagogical gap in the edited draft.",High
3,Convert the flashcard bank into chapter study aids,"The flashcards cover many concepts that are present in the chapter but not consolidated into an exam-prep format. The edited chapter reads well, but it is not yet optimized for study and recall.",ch09-flashcards.csv,"Add a short Key Takeaways or Exam Prep Checklist section. Group items by normalization, joins, analytics, reusable artifacts, and production safety. This can be built directly from the flashcards rather than inventing new material.",High
4,Add an explicit definition of scalar subquery,"The edited file gives a good example in 8.20.5, but it never states the formal definition as cleanly as the flashcards do.",ch09-flashcards.csv,"Add one definition sentence before the example: a scalar subquery returns exactly one value and can be used like a constant in a SELECT or WHERE clause.",Medium
5,Clarify composite key versus composite unique constraint,"The edited chapter teaches the business rule through a composite uniqueness constraint in 8.11.2, but the flashcards also teach composite key as a distinct concept.",ch09-flashcards.csv,"Add a short note explaining that composite key usually means a multi-column primary or unique identifier, while the chapter's specific implementation uses a composite unique rule because GradeID remains the surrogate primary key.",Medium
6,Strengthen the governance and security example for views,"The edited chapter mentions governance benefits of views in one bullet, but the flashcards treat this as a major reason to use views.",ch09-flashcards.csv,"Add one concrete example such as an advisor-facing view that exposes student names, averages, and risk flags while hiding birthday or other sensitive columns.",Medium
7,Add a capstone pipeline visual or synthesis subsection,"The notebook source includes a simple SQL Intelligence Pipeline idea that the edited file does not carry over directly. The edited conclusion is strong, but it lacks a single compact model that ties the whole chapter together.",ch09-chatgpt-notebook-chapter.md,"Add a small Mermaid diagram or one boxed summary showing the flow from messy flat data to normalized schema to safeguards to analytics and reporting.",Medium
8,Add a short umbrella framing for Part F,"The notebook source groups constraints and triggers under the idea of self-defending data architecture. The edited file covers all the mechanics, but the conceptual umbrella is weaker.",ch09-chatgpt-notebook-chapter.md,"Add a short introductory paragraph at the start of Part F explaining that indexes improve speed, transactions protect correctness, triggers automate safeguards, and governance checks preserve trust.",Medium
9,Add discussion questions even if newly authored,"This is not strongly present in the sources, but it is the one end-of-chapter component still missing after comparison and would improve fit with the project's chapter pattern. The notebook's conceptual questions can be adapted into discussion prompts.",ch09-chatgpt-notebook-chapter.md,"Add 4 to 6 discussion questions such as when to prefer policy tables over hard-coded logic, whether triggers should enforce business rules, and when normalization should stop.",Medium
10,Keep the current topic architecture largely intact,"The architecture CSV and the infographic source align closely with the edited chapter's six-part structure, so there is no major content reorganization needed. This is more a recommendation not to over-edit than to add new sections.","Advanced SQL Concepts and Business Intelligence Applications - Table 1.csv; ch09-infographic-chatgpt.md","Keep the current Part A through Part F structure. Focus revisions on study scaffolding and a few clarifications, not structural rewrites.",Low